{
    "0": {
        "precision": 0.9515810276679841,
        "recall": 0.9826530612244898,
        "f1-score": 0.9668674698795181,
        "support": 980.0
    },
    "1": {
        "precision": 0.9813664596273292,
        "recall": 0.9744493392070485,
        "f1-score": 0.97789566755084,
        "support": 1135.0
    },
    "2": {
        "precision": 0.933597621407334,
        "recall": 0.9127906976744186,
        "f1-score": 0.9230769230769231,
        "support": 1032.0
    },
    "3": {
        "precision": 0.9193227091633466,
        "recall": 0.9138613861386139,
        "f1-score": 0.916583912611718,
        "support": 1010.0
    },
    "4": {
        "precision": 0.9414784394250514,
        "recall": 0.9338085539714868,
        "f1-score": 0.9376278118609407,
        "support": 982.0
    },
    "5": {
        "precision": 0.9360675512665863,
        "recall": 0.8699551569506726,
        "f1-score": 0.9018012783265543,
        "support": 892.0
    },
    "6": {
        "precision": 0.9450777202072539,
        "recall": 0.9519832985386222,
        "f1-score": 0.9485179407176287,
        "support": 958.0
    },
    "7": {
        "precision": 0.9392156862745098,
        "recall": 0.9319066147859922,
        "f1-score": 0.935546875,
        "support": 1028.0
    },
    "8": {
        "precision": 0.8560606060606061,
        "recall": 0.9281314168377823,
        "f1-score": 0.8906403940886699,
        "support": 974.0
    },
    "9": {
        "precision": 0.9243027888446215,
        "recall": 0.9197224975222993,
        "f1-score": 0.9220069547938401,
        "support": 1009.0
    },
    "accuracy": 0.9329,
    "macro avg": {
        "precision": 0.9328070609944621,
        "recall": 0.9319262022851426,
        "f1-score": 0.9320565227906634,
        "support": 10000.0
    },
    "weighted avg": {
        "precision": 0.9335215829280185,
        "recall": 0.9329,
        "f1-score": 0.9329175226956918,
        "support": 10000.0
    }
}