{
    "0": {
        "precision": 0.9506416584402764,
        "recall": 0.9826530612244898,
        "f1-score": 0.9663823381836427,
        "support": 980.0
    },
    "1": {
        "precision": 0.980565371024735,
        "recall": 0.9779735682819384,
        "f1-score": 0.9792677547419497,
        "support": 1135.0
    },
    "2": {
        "precision": 0.9318181818181818,
        "recall": 0.9137596899224806,
        "f1-score": 0.9227005870841487,
        "support": 1032.0
    },
    "3": {
        "precision": 0.9228456913827655,
        "recall": 0.9118811881188119,
        "f1-score": 0.9173306772908366,
        "support": 1010.0
    },
    "4": {
        "precision": 0.934010152284264,
        "recall": 0.9368635437881874,
        "f1-score": 0.9354346720894764,
        "support": 982.0
    },
    "5": {
        "precision": 0.9108796296296297,
        "recall": 0.8822869955156951,
        "f1-score": 0.8963553530751709,
        "support": 892.0
    },
    "6": {
        "precision": 0.9457768508863399,
        "recall": 0.9467640918580376,
        "f1-score": 0.9462702138758476,
        "support": 958.0
    },
    "7": {
        "precision": 0.9473161033797217,
        "recall": 0.9270428015564203,
        "f1-score": 0.9370698131760079,
        "support": 1028.0
    },
    "8": {
        "precision": 0.872093023255814,
        "recall": 0.9240246406570842,
        "f1-score": 0.8973080757726819,
        "support": 974.0
    },
    "9": {
        "precision": 0.918918918918919,
        "recall": 0.9098116947472745,
        "f1-score": 0.9143426294820717,
        "support": 1009.0
    },
    "accuracy": 0.9322,
    "macro avg": {
        "precision": 0.9314865581020648,
        "recall": 0.9313061275670419,
        "f1-score": 0.9312462114771833,
        "support": 10000.0
    },
    "weighted avg": {
        "precision": 0.9324486603754097,
        "recall": 0.9322,
        "f1-score": 0.9321784817709587,
        "support": 10000.0
    }
}