{
    "0": {
        "precision": 0.9908814589665653,
        "recall": 0.9979591836734694,
        "f1-score": 0.9944077275038129,
        "support": 980.0
    },
    "1": {
        "precision": 0.9973451327433628,
        "recall": 0.9929515418502203,
        "f1-score": 0.9951434878587196,
        "support": 1135.0
    },
    "2": {
        "precision": 0.996116504854369,
        "recall": 0.9941860465116279,
        "f1-score": 0.9951503394762367,
        "support": 1032.0
    },
    "3": {
        "precision": 0.9892051030421982,
        "recall": 0.998019801980198,
        "f1-score": 0.9935929029078364,
        "support": 1010.0
    },
    "4": {
        "precision": 0.9959016393442623,
        "recall": 0.9898167006109979,
        "f1-score": 0.992849846782431,
        "support": 982.0
    },
    "5": {
        "precision": 0.9855555555555555,
        "recall": 0.9943946188340808,
        "f1-score": 0.9899553571428571,
        "support": 892.0
    },
    "6": {
        "precision": 0.9906054279749478,
        "recall": 0.9906054279749478,
        "f1-score": 0.9906054279749478,
        "support": 958.0
    },
    "7": {
        "precision": 0.99317738791423,
        "recall": 0.9912451361867705,
        "f1-score": 0.9922103213242454,
        "support": 1028.0
    },
    "8": {
        "precision": 0.9918116683725691,
        "recall": 0.9948665297741273,
        "f1-score": 0.9933367503844183,
        "support": 974.0
    },
    "9": {
        "precision": 0.9929789368104313,
        "recall": 0.981169474727453,
        "f1-score": 0.9870388833499502,
        "support": 1009.0
    },
    "accuracy": 0.9925,
    "macro avg": {
        "precision": 0.9923578815578491,
        "recall": 0.9925214462123894,
        "f1-score": 0.9924291044705456,
        "support": 10000.0
    },
    "weighted avg": {
        "precision": 0.9925157574937337,
        "recall": 0.9925,
        "f1-score": 0.9924974580557399,
        "support": 10000.0
    }
}