{
    "0": {
        "precision": 0.9949186991869918,
        "recall": 0.9989795918367347,
        "f1-score": 0.9969450101832994,
        "support": 980.0
    },
    "1": {
        "precision": 0.9912587412587412,
        "recall": 0.9991189427312775,
        "f1-score": 0.9951733216322949,
        "support": 1135.0
    },
    "2": {
        "precision": 0.9941690962099126,
        "recall": 0.9912790697674418,
        "f1-score": 0.992721979621543,
        "support": 1032.0
    },
    "3": {
        "precision": 0.998001998001998,
        "recall": 0.9891089108910891,
        "f1-score": 0.9935355544505221,
        "support": 1010.0
    },
    "4": {
        "precision": 0.9829659318637275,
        "recall": 0.9989816700610998,
        "f1-score": 0.990909090909091,
        "support": 982.0
    },
    "5": {
        "precision": 0.982281284606866,
        "recall": 0.9943946188340808,
        "f1-score": 0.9883008356545961,
        "support": 892.0
    },
    "6": {
        "precision": 0.9978947368421053,
        "recall": 0.9895615866388309,
        "f1-score": 0.9937106918238994,
        "support": 958.0
    },
    "7": {
        "precision": 0.994140625,
        "recall": 0.9902723735408561,
        "f1-score": 0.9922027290448343,
        "support": 1028.0
    },
    "8": {
        "precision": 0.9969040247678018,
        "recall": 0.9917864476386037,
        "f1-score": 0.9943386515697376,
        "support": 974.0
    },
    "9": {
        "precision": 0.9929859719438878,
        "recall": 0.9821605550049554,
        "f1-score": 0.9875435974090683,
        "support": 1009.0
    },
    "accuracy": 0.9926,
    "macro avg": {
        "precision": 0.9925521109682034,
        "recall": 0.992564376694497,
        "f1-score": 0.9925381462298886,
        "support": 10000.0
    },
    "weighted avg": {
        "precision": 0.9926398058972034,
        "recall": 0.9926,
        "f1-score": 0.9926001480313432,
        "support": 10000.0
    }
}