{
    "0": {
        "precision": 0.974,
        "recall": 0.9938775510204082,
        "f1-score": 0.9838383838383838,
        "support": 980.0
    },
    "1": {
        "precision": 0.9758412424503883,
        "recall": 0.9964757709251101,
        "f1-score": 0.986050566695728,
        "support": 1135.0
    },
    "2": {
        "precision": 0.9862340216322517,
        "recall": 0.9718992248062015,
        "f1-score": 0.9790141532454856,
        "support": 1032.0
    },
    "3": {
        "precision": 0.9812992125984252,
        "recall": 0.9871287128712871,
        "f1-score": 0.9842053307008884,
        "support": 1010.0
    },
    "4": {
        "precision": 0.9847405900305188,
        "recall": 0.9857433808553971,
        "f1-score": 0.9852417302798983,
        "support": 982.0
    },
    "5": {
        "precision": 0.9953970080552359,
        "recall": 0.9697309417040358,
        "f1-score": 0.9823963657013061,
        "support": 892.0
    },
    "6": {
        "precision": 0.9752577319587629,
        "recall": 0.9874739039665971,
        "f1-score": 0.9813278008298755,
        "support": 958.0
    },
    "7": {
        "precision": 0.9910358565737052,
        "recall": 0.9678988326848249,
        "f1-score": 0.9793307086614174,
        "support": 1028.0
    },
    "8": {
        "precision": 0.969758064516129,
        "recall": 0.9876796714579056,
        "f1-score": 0.9786368260427264,
        "support": 974.0
    },
    "9": {
        "precision": 0.9868686868686869,
        "recall": 0.9682854311199207,
        "f1-score": 0.9774887443721861,
        "support": 1009.0
    },
    "accuracy": 0.9818,
    "macro avg": {
        "precision": 0.9820432414684104,
        "recall": 0.9816193421411687,
        "f1-score": 0.9817530610367895,
        "support": 10000.0
    },
    "weighted avg": {
        "precision": 0.9819291543488802,
        "recall": 0.9818,
        "f1-score": 0.9817866350195041,
        "support": 10000.0
    }
}