{
    "0": {
        "precision": 0.9607072691552063,
        "recall": 0.9979591836734694,
        "f1-score": 0.978978978978979,
        "support": 980.0
    },
    "1": {
        "precision": 0.9750430292598967,
        "recall": 0.9982378854625551,
        "f1-score": 0.9865041358293426,
        "support": 1135.0
    },
    "2": {
        "precision": 0.9696969696969697,
        "recall": 0.9922480620155039,
        "f1-score": 0.9808429118773946,
        "support": 1032.0
    },
    "3": {
        "precision": 0.9852507374631269,
        "recall": 0.9920792079207921,
        "f1-score": 0.9886531820424272,
        "support": 1010.0
    },
    "4": {
        "precision": 0.983789260385005,
        "recall": 0.9887983706720977,
        "f1-score": 0.9862874555611986,
        "support": 982.0
    },
    "5": {
        "precision": 0.9954699886749717,
        "recall": 0.9854260089686099,
        "f1-score": 0.9904225352112676,
        "support": 892.0
    },
    "6": {
        "precision": 0.9967284623773174,
        "recall": 0.954070981210856,
        "f1-score": 0.9749333333333333,
        "support": 958.0
    },
    "7": {
        "precision": 0.9862610402355251,
        "recall": 0.9776264591439688,
        "f1-score": 0.9819247679531021,
        "support": 1028.0
    },
    "8": {
        "precision": 0.9807073954983923,
        "recall": 0.9394250513347022,
        "f1-score": 0.9596224436287363,
        "support": 974.0
    },
    "9": {
        "precision": 0.9811507936507936,
        "recall": 0.9801783944499505,
        "f1-score": 0.9806643529995042,
        "support": 1009.0
    },
    "accuracy": 0.981,
    "macro avg": {
        "precision": 0.9814804946397204,
        "recall": 0.9806049604852506,
        "f1-score": 0.9808834097415285,
        "support": 10000.0
    },
    "weighted avg": {
        "precision": 0.9811970133471939,
        "recall": 0.981,
        "f1-score": 0.9809409762315585,
        "support": 10000.0
    }
}