{
    "0": {
        "precision": 0.9777777777777777,
        "recall": 0.9877551020408163,
        "f1-score": 0.9827411167512691,
        "support": 980.0
    },
    "1": {
        "precision": 0.9894644424934153,
        "recall": 0.9929515418502203,
        "f1-score": 0.9912049252418645,
        "support": 1135.0
    },
    "2": {
        "precision": 0.9694656488549618,
        "recall": 0.9844961240310077,
        "f1-score": 0.9769230769230769,
        "support": 1032.0
    },
    "3": {
        "precision": 0.9727361246348588,
        "recall": 0.9891089108910891,
        "f1-score": 0.9808541973490427,
        "support": 1010.0
    },
    "4": {
        "precision": 0.9855818743563337,
        "recall": 0.9745417515274949,
        "f1-score": 0.9800307219662059,
        "support": 982.0
    },
    "5": {
        "precision": 0.9942528735632183,
        "recall": 0.9697309417040358,
        "f1-score": 0.981838819523269,
        "support": 892.0
    },
    "6": {
        "precision": 0.9851851851851852,
        "recall": 0.9718162839248434,
        "f1-score": 0.9784550709406201,
        "support": 958.0
    },
    "7": {
        "precision": 0.9844054580896686,
        "recall": 0.9824902723735408,
        "f1-score": 0.9834469328140214,
        "support": 1028.0
    },
    "8": {
        "precision": 0.9864724245577523,
        "recall": 0.973305954825462,
        "f1-score": 0.9798449612403101,
        "support": 974.0
    },
    "9": {
        "precision": 0.9716520039100685,
        "recall": 0.9851337958374629,
        "f1-score": 0.9783464566929134,
        "support": 1009.0
    },
    "accuracy": 0.9815,
    "macro avg": {
        "precision": 0.9816993813423238,
        "recall": 0.9811330679005973,
        "f1-score": 0.9813686279442593,
        "support": 10000.0
    },
    "weighted avg": {
        "precision": 0.9815928595576184,
        "recall": 0.9815,
        "f1-score": 0.9815005607203617,
        "support": 10000.0
    }
}