{
    "0": {
        "precision": 0.983756345177665,
        "recall": 0.9887755102040816,
        "f1-score": 0.9862595419847329,
        "support": 980.0
    },
    "1": {
        "precision": 0.9964476021314387,
        "recall": 0.9885462555066079,
        "f1-score": 0.9924812030075187,
        "support": 1135.0
    },
    "2": {
        "precision": 0.9427516158818098,
        "recall": 0.9893410852713178,
        "f1-score": 0.9654846335697399,
        "support": 1032.0
    },
    "3": {
        "precision": 0.984251968503937,
        "recall": 0.9900990099009901,
        "f1-score": 0.9871668311944719,
        "support": 1010.0
    },
    "4": {
        "precision": 0.9937952430196484,
        "recall": 0.9786150712830958,
        "f1-score": 0.9861467419189328,
        "support": 982.0
    },
    "5": {
        "precision": 0.9832962138084632,
        "recall": 0.9899103139013453,
        "f1-score": 0.9865921787709497,
        "support": 892.0
    },
    "6": {
        "precision": 0.9823651452282157,
        "recall": 0.988517745302714,
        "f1-score": 0.9854318418314256,
        "support": 958.0
    },
    "7": {
        "precision": 0.9881656804733728,
        "recall": 0.9747081712062257,
        "f1-score": 0.9813907933398629,
        "support": 1028.0
    },
    "8": {
        "precision": 0.988272921108742,
        "recall": 0.9517453798767967,
        "f1-score": 0.9696652719665272,
        "support": 974.0
    },
    "9": {
        "precision": 0.9781962338949455,
        "recall": 0.9781962338949455,
        "f1-score": 0.9781962338949455,
        "support": 1009.0
    },
    "accuracy": 0.9819,
    "macro avg": {
        "precision": 0.9821298969228238,
        "recall": 0.9818454776348119,
        "f1-score": 0.9818815271479107,
        "support": 10000.0
    },
    "weighted avg": {
        "precision": 0.9821588507649914,
        "recall": 0.9819,
        "f1-score": 0.9819222896860321,
        "support": 10000.0
    }
}